﻿<?xml version="1.0" encoding="utf-8"?>
<publishData>
  <publishProfile publishUrl="D:\Desktop\temp" deleteExistingFiles="True" ftpAnonymousLogin="False" ftpPassiveMode="True" msdeploySite="" msdeploySiteID="" msdeployRemoteSitePhysicalPath="" msdeployAllowUntrustedCertificate="False" msdeploySkipExtraFilesOnServer="True" msdeployMarkAsApp="False" profileName="Profile1" publishMethod="FileSystem" replaceMatchingFiles="False" userName="" savePWD="False" userPWD="" SelectedForPublish="True">
    <file relUrl="note.txt" publishTime="04/24/2011 23:44:46" />
    <file relUrl="API/jquery-1.5.2.min.js" publishTime="04/24/2011 17:14:43" />
    <file relUrl="API/index.html" publishTime="04/24/2011 23:25:14" />
    <file relUrl="index.html" publishTime="04/26/2011 00:13:15" />
    <file relUrl="Web.config" publishTime="04/26/2011 00:14:03" />
    <file relUrl="reset.css" publishTime="04/24/2011 20:28:58" />
    <file relUrl="API/submit.ashx" publishTime="04/24/2011 16:20:14" />
    <file relUrl="App_Data/IAmHere.mdb" publishTime="04/26/2011 00:12:38" />
    <file relUrl="bin/IAmHere.dll" publishTime="04/26/2011 00:13:40" />
    <file relUrl="bin/IAmHere.pdb" publishTime="04/26/2011 00:13:40" />
  </publishProfile>
</publishData>