﻿<?xml version="1.0" encoding="utf-8"?>
<publishData>
  <publishProfile publishUrl="D:\Desktop\temp" deleteExistingFiles="True" ftpAnonymousLogin="False" ftpPassiveMode="True" msdeploySite="" msdeploySiteID="" msdeployRemoteSitePhysicalPath="" msdeployAllowUntrustedCertificate="False" msdeploySkipExtraFilesOnServer="True" msdeployMarkAsApp="False" profileName="Profile1" publishMethod="FileSystem" replaceMatchingFiles="False" userName="" savePWD="False" userPWD="" SelectedForPublish="True">
    <file relUrl="API/index.html" publishTime="04/27/2011 21:37:49" />
    <file relUrl="index.html" publishTime="05/05/2011 20:31:47" />
    <file relUrl="Web.config" publishTime="05/05/2011 20:40:43" />
    <file relUrl="reset.css" publishTime="04/27/2011 21:37:50" />
    <file relUrl="API/submit.ashx" publishTime="04/27/2011 21:37:49" />
    <file relUrl="App_Data/IAmHere.mdb" publishTime="05/05/2011 20:33:55" />
    <file relUrl="jquery-1.5.2.min.js" publishTime="04/27/2011 21:37:49" />
    <file relUrl="bin/IAmHere.dll" publishTime="05/05/2011 20:40:08" />
    <file relUrl="bin/IAmHere.pdb" publishTime="05/05/2011 20:40:08" />
  </publishProfile>
</publishData>